Retrieved at,Beach name,Data last updated,Pollution status,Maximum forecast air temperature,Water temperature,Weather forecast,Swell,Wind,Patrol info,Rainfall,High tide,Low tide,Alert
2022-02-16T17:08:53.140009+11:00,Palm Beach,9 hours ago,Pollution is unlikely,28°,25°,Increasing sunshine,Easterly around 1 metre.,"Light, becoming NE 15 to 20 km/h in the early afternoon.",Patrolled 7 days from 18 September 2021 until 24 April 2022. Always check with lifeguards for the latest beach conditions.,0mm in the previous 24 hours.,High Tide: 1.78 metres at 09:06,Low Tide: 0.36 metres at 15:43,For information on beach closures please contact relevant authorities such as local councils.
2022-02-16T17:08:53.949145+11:00,Whale Beach,9 hours ago,Pollution is unlikely,28°,25°,Increasing sunshine,Easterly around 1 metre.,"Light, becoming NE 15 to 20 km/h in the early afternoon.",Patrolled 7 days from 18 September 2021 until 26 April 2022. Always check with lifeguards for the latest beach conditions.,0mm in the previous 24 hours.,High Tide: 1.78 metres at 09:06,Low Tide: 0.36 metres at 15:43,For information on beach closures please contact relevant authorities such as local councils.
2022-02-16T17:08:54.781500+11:00,Avalon Beach,9 hours ago,Pollution is unlikely,28°,25°,Increasing sunshine,Easterly around 1 metre.,"Light, becoming NE 15 to 20 km/h in the early afternoon.",Patrolled 7 days from 18 September 2021 until 24 April 2022. Always check with lifeguards for the latest beach conditions.,0mm in the previous 24 hours.,High Tide: 1.78 metres at 09:06,Low Tide: 0.36 metres at 15:43,For information on beach closures please contact relevant authorities such as local councils.
2022-02-16T17:08:55.491092+11:00,Bilgola Beach,9 hours ago,Pollution is unlikely,28°,25°,Increasing sunshine,Easterly around 1 metre.,"Light, becoming NE 15 to 20 km/h in the early afternoon.",Patrolled 7 days from 18 September 2021 until 24 April 2022. Always check with lifeguards for the latest beach conditions.,0mm in the previous 24 hours.,High Tide: 1.78 metres at 09:06,Low Tide: 0.36 metres at 15:43,For information on beach closures please contact relevant authorities such as local councils.
2022-02-16T17:08:56.207805+11:00,Newport Beach,9 hours ago,Pollution is unlikely,28°,25°,Increasing sunshine,Easterly around 1 metre.,"Light, becoming NE 15 to 20 km/h in the early afternoon.",Patrolled 7 days from 18 September 2021 until 24 April 2022. Always check with lifeguards for the latest beach conditions.,0mm in the previous 24 hours.,High Tide: 1.78 metres at 09:06,Low Tide: 0.36 metres at 15:43,For information on beach closures please contact relevant authorities such as local councils.
2022-02-16T17:08:56.925321+11:00,Bungan Beach,9 hours ago,Pollution is unlikely,28°,25°,Increasing sunshine,Easterly around 1 metre.,"Light, becoming NE 15 to 20 km/h in the early afternoon.",Patrolled weekends and public holidays from 18 September 2021 until 24 April 2022. Patrolled 7 days during peak summer holidays. Always check with lifeguards for the latest beach conditions.,0mm in the previous 24 hours.,High Tide: 1.78 metres at 09:06,Low Tide: 0.36 metres at 15:43,For information on beach closures please contact relevant authorities such as local councils.
2022-02-16T17:08:57.644339+11:00,Mona Vale Beach,9 hours ago,Pollution is unlikely,28°,25°,Increasing sunshine,Easterly around 1 metre.,"Light, becoming NE 15 to 20 km/h in the early afternoon.",Patrolled 7 days from 18 September 2021 until 24 April 2022. Always check with lifeguards for the latest beach conditions.,0mm in the previous 24 hours.,High Tide: 1.78 metres at 09:06,Low Tide: 0.36 metres at 15:43,For information on beach closures please contact relevant authorities such as local councils.
2022-02-16T17:08:58.429229+11:00,Warriewood Beach,9 hours ago,Pollution is unlikely,28°,25°,Increasing sunshine,Easterly around 1 metre.,"Light, becoming NE 15 to 20 km/h in the early afternoon.","Patrolled weekends and public holidays from 18 September 2021 until 24 April 2022. Patrolled 7 days during the months of December, January and February - and during spring and autumn school holidays. Always check with lifeguards for the latest beach conditions.",0mm in the previous 24 hours.,High Tide: 1.78 metres at 09:06,Low Tide: 0.36 metres at 15:43,For information on beach closures please contact relevant authorities such as local councils.
2022-02-16T17:08:59.278198+11:00,Turimetta Beach,9 hours ago,Pollution is unlikely,28°,25°,Increasing sunshine,Easterly around 1 metre.,"Light, becoming NE 15 to 20 km/h in the early afternoon.",This beach is not patrolled.,0mm in the previous 24 hours.,High Tide: 1.78 metres at 09:06,Low Tide: 0.36 metres at 15:43,For information on beach closures please contact relevant authorities such as local councils.
2022-02-16T17:09:00.098652+11:00,Birdwood Park (Narrabeen Lagoon),9 hours ago,Pollution is possible,28°,25°,Increasing sunshine,Easterly around 1 metre.,"Light, becoming NE 15 to 20 km/h in the early afternoon.",Swimming area is not patrolled.,0mm in the previous 24 hours.,High Tide: 1.78 metres at 09:06,Low Tide: 0.36 metres at 15:43,For information on beach closures please contact relevant authorities such as local councils.
2022-02-16T17:09:00.854052+11:00,North Narrabeen Beach,9 hours ago,Pollution is possible,28°,25°,Increasing sunshine,Easterly around 1 metre.,"Light, becoming NE 15 to 20 km/h in the early afternoon.",Patrolled 7 days from 18 September 2021 until 24 April 2022. Always check with lifeguards for the latest beach conditions.,0mm in the previous 24 hours.,High Tide: 1.78 metres at 09:06,Low Tide: 0.36 metres at 15:43,"For information on beach closures please contact relevant authorities such as local councils. Narrabeen Lagoon is open. Look for signs of pollution before swimming (odour, discolouration, debris)."
2022-02-16T17:09:01.742543+11:00,Collaroy Beach,9 hours ago,Pollution is unlikely,28°,25°,Increasing sunshine,Easterly around 1 metre.,"Light, becoming NE 15 to 20 km/h in the early afternoon.",Patrolled 7 days from 18 September 2021 until 24 April 2022. Always check with lifeguards for the latest beach conditions.,0mm in the previous 24 hours.,High Tide: 1.78 metres at 09:06,Low Tide: 0.36 metres at 15:43,For information on beach closures please contact relevant authorities such as local councils.
2022-02-16T17:09:02.562017+11:00,Long Reef Beach,9 hours ago,Pollution is unlikely,28°,25°,Increasing sunshine,Easterly around 1 metre.,"Light, becoming NE 15 to 20 km/h in the early afternoon.",Patrolled 7 days from 18 September 2021 until 24 April 2022. Always check with lifeguards for the latest beach conditions.,0mm in the previous 24 hours.,High Tide: 1.78 metres at 09:06,Low Tide: 0.36 metres at 15:43,For information on beach closures please contact relevant authorities such as local councils.
2022-02-16T17:09:03.421038+11:00,Dee Why Beach,9 hours ago,Pollution is unlikely,28°,25°,Increasing sunshine,Easterly around 1 metre.,"Light, becoming NE 15 to 20 km/h in the early afternoon.",Patrolled 7 days from 28 August 2021 until 28 May 2022. Always check with lifeguards for the latest beach conditions.,0mm in the previous 24 hours.,High Tide: 1.78 metres at 09:06,Low Tide: 0.36 metres at 15:43,For information on beach closures please contact relevant authorities such as local councils.
2022-02-16T17:09:04.226053+11:00,North Curl Curl Beach,9 hours ago,Pollution is unlikely,28°,25°,Increasing sunshine,Easterly around 1 metre.,"Light, becoming NE 15 to 20 km/h in the early afternoon.",Patrolled 7 days from 18 September 2021 until 24 April 2022. Always check with lifeguards for the latest beach conditions.,0mm in the previous 24 hours.,High Tide: 1.78 metres at 09:06,Low Tide: 0.36 metres at 15:43,For information on beach closures please contact relevant authorities such as local councils.
2022-02-16T17:09:04.996455+11:00,South Curl Curl Beach,9 hours ago,Pollution is unlikely,28°,25°,Increasing sunshine,Easterly around 1 metre.,"Light, becoming NE 15 to 20 km/h in the early afternoon.",Patrolled 7 days from 18 September 2021 until 24 April 2022. Always check with lifeguards for the latest beach conditions.,0mm in the previous 24 hours.,High Tide: 1.78 metres at 09:06,Low Tide: 0.36 metres at 15:43,For information on beach closures please contact relevant authorities such as local councils.
2022-02-16T17:09:05.781989+11:00,Freshwater Beach,9 hours ago,Pollution is unlikely,28°,25°,Increasing sunshine,Easterly around 1 metre.,"Light, becoming NE 15 to 20 km/h in the early afternoon.",Patrolled 7 days from 28 August 2021 until 28 May 2022. Always check with lifeguards for the latest beach conditions.,0mm in the previous 24 hours.,High Tide: 1.78 metres at 09:06,Low Tide: 0.36 metres at 15:43,For information on beach closures please contact relevant authorities such as local councils.
2022-02-16T17:09:06.957280+11:00,Queenscliff Beach,9 hours ago,Pollution is unlikely,28°,25°,Increasing sunshine,Easterly around 1 metre.,"Light, becoming NE 15 to 20 km/h in the early afternoon.",Patrolled 7 days from 18 September 2021 until 24 April 2022. Always check with lifeguards for the latest beach conditions.,0mm in the previous 24 hours.,High Tide: 1.78 metres at 09:06,Low Tide: 0.36 metres at 15:43,For information on beach closures please contact relevant authorities such as local councils.
2022-02-16T17:09:07.709304+11:00,North Steyne Beach,9 hours ago,Pollution is unlikely,28°,25°,Increasing sunshine,Easterly around 1 metre.,"Light, becoming NE 15 to 20 km/h in the early afternoon.",Patrolled on weekends and public holidays between 18 September 2021 until 24 April 2022. Also patrolled 7 days during the Christmas school holidays.,0mm in the previous 24 hours.,High Tide: 1.78 metres at 09:06,Low Tide: 0.36 metres at 15:43,For information on beach closures please contact relevant authorities such as local councils.
2022-02-16T17:09:08.660363+11:00,South Steyne Beach,9 hours ago,Pollution is unlikely,28°,25°,Increasing sunshine,Easterly around 1 metre.,"Light, becoming NE 15 to 20 km/h in the early afternoon.",Patrolled 7 days year round. Always check with lifeguards for the latest beach conditions.,0mm in the previous 24 hours.,High Tide: 1.78 metres at 09:06,Low Tide: 0.36 metres at 15:43,For information on beach closures please contact relevant authorities such as local councils.
2022-02-16T17:09:09.503363+11:00,Shelly Beach (Manly),9 hours ago,Pollution is unlikely,28°,25°,Increasing sunshine,Easterly around 1 metre.,"Light, becoming NE 15 to 20 km/h in the early afternoon.",This beach is not patrolled.,0mm in the previous 24 hours.,High Tide: 1.78 metres at 09:06,Low Tide: 0.36 metres at 15:43,For information on beach closures please contact relevant authorities such as local councils.
2022-02-16T17:09:10.334357+11:00,Bondi Beach,9 hours ago,Pollution is unlikely,28°,25°,Increasing sunshine,Easterly around 1 metre.,"Light, becoming NE 15 to 20 km/h in the early afternoon.","Patrolled 7 days year round.

Always check with lifeguards for the latest beach conditions.",0mm in the previous 24 hours.,High Tide: 1.78 metres at 09:06,Low Tide: 0.36 metres at 15:43,For information on beach closures please contact relevant authorities such as local councils. Sydney Water advised a sewage overflow occurred on 07 February 2022 which may have affected South Bondi Beach. Contact Sydney Water on 13 20 90 for details. Recent Beachwatch testing indicates this overflow is no longer impacting water quality at Bondi Beach.
2022-02-16T17:09:11.151465+11:00,Gordons Bay (East),9 hours ago,Pollution is unlikely,28°,25°,Increasing sunshine,Easterly around 1 metre.,"Light, becoming NE 15 to 20 km/h in the early afternoon.",This beach is not patrolled.,0mm in the previous 24 hours.,High Tide: 1.78 metres at 09:06,Low Tide: 0.36 metres at 15:43,For information on beach closures please contact relevant authorities such as local councils.
2022-02-16T17:09:11.869502+11:00,Tamarama Beach,9 hours ago,Pollution is unlikely,28°,25°,Increasing sunshine,Easterly around 1 metre.,"Light, becoming NE 15 to 20 km/h in the early afternoon.",Patrolled 7 days from 18 September 2021.,0mm in the previous 24 hours.,High Tide: 1.78 metres at 09:06,Low Tide: 0.36 metres at 15:43,For information on beach closures please contact relevant authorities such as local councils.
2022-02-16T17:09:12.608707+11:00,Bronte Beach,9 hours ago,Pollution is unlikely,28°,25°,Increasing sunshine,Easterly around 1 metre.,"Light, becoming NE 15 to 20 km/h in the early afternoon.","Patrolled 7 days year round.

Always check with lifeguards for the latest beach conditions.",0mm in the previous 24 hours.,High Tide: 1.78 metres at 09:06,Low Tide: 0.36 metres at 15:43,For information on beach closures please contact relevant authorities such as local councils.
2022-02-16T17:09:13.359390+11:00,Clovelly Beach,9 hours ago,Pollution is unlikely,28°,25°,Increasing sunshine,Easterly around 1 metre.,"Light, becoming NE 15 to 20 km/h in the early afternoon.","Patrolled 7 days from 18 September 2021 until 24 April 2022.

Always check with lifeguards for the latest beach conditions.",0mm in the previous 24 hours.,High Tide: 1.78 metres at 09:06,Low Tide: 0.36 metres at 15:43,For information on beach closures please contact relevant authorities such as local councils.
2022-02-16T17:09:14.134306+11:00,Coogee Beach,9 hours ago,Pollution is unlikely,28°,25°,Increasing sunshine,Easterly around 1 metre.,"Light, becoming NE 15 to 20 km/h in the early afternoon.","Patrolled 7 days year round.

Always check with lifeguards for the latest beach conditions.",0mm in the previous 24 hours.,High Tide: 1.78 metres at 09:06,Low Tide: 0.36 metres at 15:43,For information on beach closures please contact relevant authorities such as local councils.
2022-02-16T17:09:15.058656+11:00,Maroubra Beach,9 hours ago,Pollution is unlikely,28°,25°,Increasing sunshine,Easterly around 1 metre.,"Light, becoming NE 15 to 20 km/h in the early afternoon.",Patrolled 7 days year round.,0mm in the previous 24 hours.,High Tide: 1.78 metres at 09:06,Low Tide: 0.36 metres at 15:43,For information on beach closures please contact relevant authorities such as local councils.
2022-02-16T17:09:16.380046+11:00,Malabar Beach,9 hours ago,Pollution is unlikely,28°,25°,Increasing sunshine,Easterly around 1 metre.,"Light, becoming NE 15 to 20 km/h in the early afternoon.",This beach is not patrolled.,0mm in the previous 24 hours.,High Tide: 1.78 metres at 09:06,Low Tide: 0.36 metres at 15:43,For information on beach closures please contact relevant authorities such as local councils.
2022-02-16T17:09:17.195117+11:00,Little Bay Beach,9 hours ago,Pollution is unlikely,28°,25°,Increasing sunshine,Easterly around 1 metre.,"Light, becoming NE 15 to 20 km/h in the early afternoon.",This beach is not patrolled.,0mm in the previous 24 hours.,High Tide: 1.78 metres at 09:06,Low Tide: 0.36 metres at 15:43,For information on beach closures please contact relevant authorities such as local councils.
2022-02-16T17:09:17.981565+11:00,Boat Harbour,9 hours ago,Pollution is unlikely,28°,25°,Increasing sunshine,Easterly around 1 metre.,"Light, becoming NE 15 to 20 km/h in the early afternoon.",This beach is not patrolled.,0mm in the previous 24 hours.,High Tide: 1.78 metres at 09:06,Low Tide: 0.36 metres at 15:43,For information on beach closures please contact relevant authorities such as local councils.
2022-02-16T17:09:18.839750+11:00,Greenhills Beach,9 hours ago,Pollution is unlikely,28°,25°,Increasing sunshine,Easterly around 1 metre.,"Light, becoming NE 15 to 20 km/h in the early afternoon.",This beach is not patrolled.,0mm in the previous 24 hours.,High Tide: 1.78 metres at 09:06,Low Tide: 0.36 metres at 15:43,For information on beach closures please contact relevant authorities such as local councils.
2022-02-16T17:09:19.635938+11:00,Wanda Beach,9 hours ago,Pollution is unlikely,28°,25°,Increasing sunshine,Easterly around 1 metre.,"Light, becoming NE 15 to 20 km/h in the early afternoon.",Patrolled 7 days from 18 September 2021 until 24 April 2022.,0mm in the previous 24 hours.,High Tide: 1.78 metres at 09:06,Low Tide: 0.36 metres at 15:43,For information on beach closures please contact relevant authorities such as local councils.
2022-02-16T17:09:20.517525+11:00,Elouera Beach,9 hours ago,Pollution is unlikely,28°,25°,Increasing sunshine,Easterly around 1 metre.,"Light, becoming NE 15 to 20 km/h in the early afternoon.","Patrolled 7 days from 18 September 2021 until 24 April 2022.

Always check with lifeguards for the latest beach conditions.",0mm in the previous 24 hours.,High Tide: 1.78 metres at 09:06,Low Tide: 0.36 metres at 15:43,For information on beach closures please contact relevant authorities such as local councils.
2022-02-16T17:09:21.382736+11:00,North Cronulla Beach,9 hours ago,Pollution is unlikely,28°,25°,Increasing sunshine,Easterly around 1 metre.,"Light, becoming NE 15 to 20 km/h in the early afternoon.","Patrolled 7 days from 18 September 2021 until 24 April 2022.

Always check with lifeguards for the latest beach conditions.",0mm in the previous 24 hours.,High Tide: 1.78 metres at 09:06,Low Tide: 0.36 metres at 15:43,For information on beach closures please contact relevant authorities such as local councils.
2022-02-16T17:09:22.432584+11:00,South Cronulla Beach,9 hours ago,Pollution is unlikely,28°,25°,Increasing sunshine,Easterly around 1 metre.,"Light, becoming NE 15 to 20 km/h in the early afternoon.",Patrolled 7 days year round.,0mm in the previous 24 hours.,High Tide: 1.78 metres at 09:06,Low Tide: 0.36 metres at 15:43,For information on beach closures please contact relevant authorities such as local councils.
2022-02-16T17:09:23.309892+11:00,Shelly Beach (Sutherland),9 hours ago,Pollution is unlikely,28°,25°,Increasing sunshine,Easterly around 1 metre.,"Light, becoming NE 15 to 20 km/h in the early afternoon.",This beach is not patrolled.,0mm in the previous 24 hours.,High Tide: 1.78 metres at 09:06,Low Tide: 0.36 metres at 15:43,For information on beach closures please contact relevant authorities such as local councils.
2022-02-16T17:09:24.791557+11:00,Oak Park,9 hours ago,Pollution is unlikely,28°,25°,Increasing sunshine,Easterly around 1 metre.,"Light, becoming NE 15 to 20 km/h in the early afternoon.",This beach is not patrolled.,0mm in the previous 24 hours.,High Tide: 1.78 metres at 09:06,Low Tide: 0.36 metres at 15:43,For information on beach closures please contact relevant authorities such as local councils.
2022-02-16T17:09:25.807478+11:00,Barrenjoey Beach,9 hours ago,Pollution is unlikely,28°,25°,Increasing sunshine,Easterly around 1 metre.,"Light, becoming NE 15 to 20 km/h in the early afternoon.",This beach is not patrolled.,0mm in the previous 24 hours.,High Tide: 1.78 metres at 09:06,Low Tide: 0.36 metres at 15:43,For information on beach closures please contact relevant authorities such as local councils.
2022-02-16T17:09:26.824108+11:00,Paradise Beach Baths,9 hours ago,Pollution is unlikely,28°,25°,Increasing sunshine,Easterly around 1 metre.,"Light, becoming NE 15 to 20 km/h in the early afternoon.",This swimming site is not patrolled.,0mm in the previous 24 hours.,High Tide: 1.78 metres at 09:06,Low Tide: 0.36 metres at 15:43,For information on beach closures please contact relevant authorities such as local councils.
2022-02-16T17:09:27.746771+11:00,Clareville Beach,9 hours ago,Pollution is unlikely,28°,25°,Increasing sunshine,Easterly around 1 metre.,"Light, becoming NE 15 to 20 km/h in the early afternoon.",This beach is not patrolled.,0mm in the previous 24 hours.,High Tide: 1.78 metres at 09:06,Low Tide: 0.36 metres at 15:43,For information on beach closures please contact relevant authorities such as local councils.
2022-02-16T17:09:28.625317+11:00,Bayview Baths,9 hours ago,Pollution is unlikely,28°,25°,Increasing sunshine,Easterly around 1 metre.,"Light, becoming NE 15 to 20 km/h in the early afternoon.",This swimming site is not patrolled.,0mm in the previous 24 hours.,High Tide: 1.78 metres at 09:06,Low Tide: 0.36 metres at 15:43,For information on beach closures please contact relevant authorities such as local councils.
2022-02-16T17:09:29.598682+11:00,South Scotland Island,9 hours ago,Pollution is unlikely,28°,25°,Increasing sunshine,Easterly around 1 metre.,"Light, becoming NE 15 to 20 km/h in the early afternoon.",This swimming site is not patrolled.,0mm in the previous 24 hours.,High Tide: 1.78 metres at 09:06,Low Tide: 0.36 metres at 15:43,For information on beach closures please contact relevant authorities such as local councils.
2022-02-16T17:09:30.590998+11:00,Elvina Bay,9 hours ago,Pollution is unlikely,28°,25°,Increasing sunshine,Easterly around 1 metre.,"Light, becoming NE 15 to 20 km/h in the early afternoon.",This swimming site is not patrolled.,0mm in the previous 24 hours.,High Tide: 1.78 metres at 09:06,Low Tide: 0.36 metres at 15:43,For information on beach closures please contact relevant authorities such as local councils.
2022-02-16T17:09:31.534348+11:00,North Scotland Island,9 hours ago,Pollution is unlikely,28°,25°,Increasing sunshine,Easterly around 1 metre.,"Light, becoming NE 15 to 20 km/h in the early afternoon.",This swimming site is not patrolled.,0mm in the previous 24 hours.,High Tide: 1.78 metres at 09:06,Low Tide: 0.36 metres at 15:43,For information on beach closures please contact relevant authorities such as local councils.
2022-02-16T17:09:32.568236+11:00,The Basin,9 hours ago,Pollution is unlikely,28°,25°,Increasing sunshine,Easterly around 1 metre.,"Light, becoming NE 15 to 20 km/h in the early afternoon.",This swimming site is not patrolled.,0mm in the previous 24 hours.,High Tide: 1.78 metres at 09:06,Low Tide: 0.36 metres at 15:43,For information on beach closures please contact relevant authorities such as local councils.
2022-02-16T17:09:33.628178+11:00,Great Mackerel Beach,9 hours ago,Pollution is unlikely,28°,25°,Increasing sunshine,Easterly around 1 metre.,"Light, becoming NE 15 to 20 km/h in the early afternoon.",This beach is not patrolled.,0mm in the previous 24 hours.,High Tide: 1.78 metres at 09:06,Low Tide: 0.36 metres at 15:43,For information on beach closures please contact relevant authorities such as local councils.
2022-02-16T17:09:34.586511+11:00,Taylors Point Baths,9 hours ago,Pollution is unlikely,28°,25°,Increasing sunshine,Easterly around 1 metre.,"Light, becoming NE 15 to 20 km/h in the early afternoon.",This swimming site is not patrolled.,0mm in the previous 24 hours.,High Tide: 1.78 metres at 09:06,Low Tide: 0.36 metres at 15:43,For information on beach closures please contact relevant authorities such as local councils.
2022-02-16T17:09:35.953173+11:00,Watsons Bay,9 hours ago,Pollution is unlikely,28°,25°,Increasing sunshine,Easterly around 1 metre.,"Light, becoming NE 15 to 20 km/h in the early afternoon.",This swimming site is not patrolled.,6.5mm in the previous 4 days.,High Tide: 1.78 metres at 09:06,Low Tide: 0.36 metres at 15:43,For information on beach closures please contact relevant authorities such as local councils.
2022-02-16T17:09:38.070386+11:00,Camp Cove,9 hours ago,Pollution is unlikely,28°,25°,Increasing sunshine,Easterly around 1 metre.,"Light, becoming NE 15 to 20 km/h in the early afternoon.",This swimming site is not patrolled,6.5mm in the previous 4 days.,High Tide: 1.78 metres at 09:06,Low Tide: 0.36 metres at 15:43,For information on beach closures please contact relevant authorities such as local councils.
2022-02-16T17:09:39.525198+11:00,Parsley Bay,9 hours ago,Pollution is unlikely,28°,25°,Increasing sunshine,Easterly around 1 metre.,"Light, becoming NE 15 to 20 km/h in the early afternoon.",This beach is not patrolled.,6.5mm in the previous 4 days.,High Tide: 1.78 metres at 09:06,Low Tide: 0.36 metres at 15:43,For information on beach closures please contact relevant authorities such as local councils.
2022-02-16T17:09:40.930925+11:00,Nielsen Park,9 hours ago,Pollution is unlikely,28°,25°,Increasing sunshine,Easterly around 1 metre.,"Light, becoming NE 15 to 20 km/h in the early afternoon.",This beach is not patrolled.,6.5mm in the previous 4 days.,High Tide: 1.78 metres at 09:06,Low Tide: 0.36 metres at 15:43,For information on beach closures please contact relevant authorities such as local councils.
2022-02-16T17:09:42.287537+11:00,Rose Bay Beach,9 hours ago,Pollution is possible,28°,25°,Increasing sunshine,Easterly around 1 metre.,"Light, becoming NE 15 to 20 km/h in the early afternoon.",This beach is not patrolled.,6.5mm in the previous 4 days.,High Tide: 1.78 metres at 09:06,Low Tide: 0.36 metres at 15:43,For information on beach closures please contact relevant authorities such as local councils.
2022-02-16T17:09:43.729020+11:00,Murray Rose Pool,9 hours ago,Pollution is possible,28°,25°,Increasing sunshine,Easterly around 1 metre.,"Light, becoming NE 15 to 20 km/h in the early afternoon.",This beach is not patrolled.,6.5mm in the previous 4 days.,High Tide: 1.78 metres at 09:06,Low Tide: 0.36 metres at 15:43,For information on beach closures please contact relevant authorities such as local councils. Sydney Water advised a sewage overflow occured on 13 February 2022  which may have affect this Sydney Harbour. Contact Sydney Water on 13 20 90 for details. Recent Beachwatch testing indicates this overflow is no longer impacting water quality at Murray Rose Pool.
2022-02-16T17:09:45.168644+11:00,Hayes Street Beach,9 hours ago,Pollution is possible,28°,25°,Increasing sunshine,Easterly around 1 metre.,"Light, becoming NE 15 to 20 km/h in the early afternoon.",This beach is not patrolled.,6.5mm in the previous 4 days.,High Tide: 1.78 metres at 09:06,Low Tide: 0.36 metres at 15:43,For information on beach closures please contact relevant authorities such as local councils.
2022-02-16T17:09:46.470627+11:00,Clifton Gardens,9 hours ago,Pollution is unlikely,28°,25°,Increasing sunshine,Easterly around 1 metre.,"Light, becoming NE 15 to 20 km/h in the early afternoon.",This beach is not patrolled.,6.5mm in the previous 4 days.,High Tide: 1.78 metres at 09:06,Low Tide: 0.36 metres at 15:43,For information on beach closures please contact relevant authorities such as local councils.
2022-02-16T17:09:47.924182+11:00,Balmoral Baths,9 hours ago,Pollution is unlikely,28°,25°,Increasing sunshine,Easterly around 1 metre.,"Light, becoming NE 15 to 20 km/h in the early afternoon.",This beach is not patrolled.,6.5mm in the previous 4 days.,High Tide: 1.78 metres at 09:06,Low Tide: 0.36 metres at 15:43,For information on beach closures please contact relevant authorities such as local councils.
2022-02-16T17:09:49.202839+11:00,Edwards Beach,9 hours ago,Pollution is unlikely,28°,25°,Increasing sunshine,Easterly around 1 metre.,"Light, becoming NE 15 to 20 km/h in the early afternoon.",This beach is not patrolled.,6.5mm in the previous 4 days.,High Tide: 1.78 metres at 09:06,Low Tide: 0.36 metres at 15:43,For information on beach closures please contact relevant authorities such as local councils.
2022-02-16T17:09:50.547188+11:00,Chinamans Beach,9 hours ago,Pollution is unlikely,28°,25°,Increasing sunshine,Easterly around 1 metre.,"Light, becoming NE 15 to 20 km/h in the early afternoon.",This beach is not patrolled.,6.5mm in the previous 4 days.,High Tide: 1.78 metres at 09:06,Low Tide: 0.36 metres at 15:43,For information on beach closures please contact relevant authorities such as local councils.
2022-02-16T17:09:52.047134+11:00,Northbridge Baths,9 hours ago,Pollution is unlikely,28°,25°,Increasing sunshine,Easterly around 1 metre.,"Light, becoming NE 15 to 20 km/h in the early afternoon.",This swimming site  is not patrolled.,6.5mm in the previous 4 days.,High Tide: 1.78 metres at 09:06,Low Tide: 0.36 metres at 15:43,For information on beach closures please contact relevant authorities such as local councils.
2022-02-16T17:09:53.481441+11:00,Davidson Reserve,9 hours ago,Pollution is unlikely,28°,25°,Increasing sunshine,Easterly around 1 metre.,"Light, becoming NE 15 to 20 km/h in the early afternoon.",This swimming site is not patrolled.,6.5mm in the previous 4 days.,High Tide: 1.78 metres at 09:06,Low Tide: 0.36 metres at 15:43,For information on beach closures please contact relevant authorities such as local councils.
2022-02-16T17:09:54.893828+11:00,Gurney Crescent Baths,9 hours ago,Pollution is unlikely,28°,25°,Increasing sunshine,Easterly around 1 metre.,"Light, becoming NE 15 to 20 km/h in the early afternoon.",This swimming site is not patrolled.,6.5mm in the previous 4 days.,High Tide: 1.78 metres at 09:06,Low Tide: 0.36 metres at 15:43,For information on beach closures please contact relevant authorities such as local councils.
2022-02-16T17:09:56.225100+11:00,Clontarf Pool,9 hours ago,Pollution is unlikely,28°,25°,Increasing sunshine,Easterly around 1 metre.,"Light, becoming NE 15 to 20 km/h in the early afternoon.",This swimming site is not patrolled.,6.5mm in the previous 4 days.,High Tide: 1.78 metres at 09:06,Low Tide: 0.36 metres at 15:43,For information on beach closures please contact relevant authorities such as local councils.
2022-02-16T17:09:57.589234+11:00,Forty Baskets Pool,9 hours ago,Pollution is unlikely,28°,25°,Increasing sunshine,Easterly around 1 metre.,"Light, becoming NE 15 to 20 km/h in the early afternoon.",This swimming site  is not patrolled.,6.5mm in the previous 4 days.,High Tide: 1.78 metres at 09:06,Low Tide: 0.36 metres at 15:43,For information on beach closures please contact relevant authorities such as local councils.
2022-02-16T17:09:59.091597+11:00,Fairlight Beach,9 hours ago,Pollution is unlikely,28°,25°,Increasing sunshine,Easterly around 1 metre.,"Light, becoming NE 15 to 20 km/h in the early afternoon.",This beach is not patrolled.,6.5mm in the previous 4 days.,High Tide: 1.78 metres at 09:06,Low Tide: 0.36 metres at 15:43,For information on beach closures please contact relevant authorities such as local councils.
2022-02-16T17:10:00.409184+11:00,Manly Cove,9 hours ago,Pollution is unlikely,28°,25°,Increasing sunshine,Easterly around 1 metre.,"Light, becoming NE 15 to 20 km/h in the early afternoon.",This beach is not patrolled.,6.5mm in the previous 4 days.,High Tide: 1.78 metres at 09:06,Low Tide: 0.36 metres at 15:43,For information on beach closures please contact relevant authorities such as local councils.
2022-02-16T17:10:02.051147+11:00,Little Manly Cove,9 hours ago,Pollution is unlikely,28°,25°,Increasing sunshine,Easterly around 1 metre.,"Light, becoming NE 15 to 20 km/h in the early afternoon.",This beach is not patrolled.,6.5mm in the previous 4 days.,High Tide: 1.78 metres at 09:06,Low Tide: 0.36 metres at 15:43,For information on beach closures please contact relevant authorities such as local councils.
2022-02-16T17:10:03.405551+11:00,Cabarita Beach,9 hours ago,Pollution is unlikely,28°,25°,Increasing sunshine,Easterly around 1 metre.,"Light, becoming NE 15 to 20 km/h in the early afternoon.",This beach is not patrolled.,6.5mm in the previous 4 days.,High Tide: 1.78 metres at 09:06,Low Tide: 0.36 metres at 15:43,For information on beach closures please contact relevant authorities such as local councils.
2022-02-16T17:10:04.777695+11:00,Dawn Fraser Pool,9 hours ago,Pollution is unlikely,28°,25°,Increasing sunshine,Easterly around 1 metre.,"Light, becoming NE 15 to 20 km/h in the early afternoon.",bw-patrol-info,6.5mm in the previous 4 days.,High Tide: 1.78 metres at 09:06,Low Tide: 0.36 metres at 15:43,For information on beach closures please contact relevant authorities such as local councils.
2022-02-16T17:10:06.182695+11:00,Chiswick Baths,9 hours ago,Pollution is unlikely,28°,25°,Increasing sunshine,Easterly around 1 metre.,"Light, becoming NE 15 to 20 km/h in the early afternoon.",This swimming site is not patrolled.,6.5mm in the previous 4 days.,High Tide: 1.78 metres at 09:06,Low Tide: 0.36 metres at 15:43,For information on beach closures please contact relevant authorities such as local councils.
2022-02-16T17:10:07.514916+11:00,Woolwich Baths,9 hours ago,Pollution is unlikely,28°,25°,Increasing sunshine,Easterly around 1 metre.,"Light, becoming NE 15 to 20 km/h in the early afternoon.",This swimming site is not patrolled.,6.5mm in the previous 4 days.,High Tide: 1.78 metres at 09:06,Low Tide: 0.36 metres at 15:43,For information on beach closures please contact relevant authorities such as local councils.
2022-02-16T17:10:08.812953+11:00,Tambourine Bay,9 hours ago,Pollution is unlikely,28°,25°,Increasing sunshine,Easterly around 1 metre.,"Light, becoming NE 15 to 20 km/h in the early afternoon.",This swimming site is not patrolled.,6.5mm in the previous 4 days.,High Tide: 1.78 metres at 09:06,Low Tide: 0.36 metres at 15:43,For information on beach closures please contact relevant authorities such as local councils.
2022-02-16T17:10:10.108651+11:00,Woodford Bay,9 hours ago,Pollution is unlikely,28°,25°,Increasing sunshine,Easterly around 1 metre.,"Light, becoming NE 15 to 20 km/h in the early afternoon.",This swimming site is not patrolled.,6.5mm in the previous 4 days.,High Tide: 1.78 metres at 09:06,Low Tide: 0.36 metres at 15:43,For information on beach closures please contact relevant authorities such as local councils.
2022-02-16T17:10:11.547292+11:00,Greenwich Baths,9 hours ago,Pollution is unlikely,28°,25°,Increasing sunshine,Easterly around 1 metre.,"Light, becoming NE 15 to 20 km/h in the early afternoon.",Baths open from 2 October 2021 until April 2022.,6.5mm in the previous 4 days.,High Tide: 1.78 metres at 09:06,Low Tide: 0.36 metres at 15:43,For information on beach closures please contact relevant authorities such as local councils.
2022-02-16T17:10:13.333310+11:00,Monterey Baths,9 hours ago,Pollution is unlikely,28°,25°,Increasing sunshine,Easterly around 1 metre.,"Light, becoming NE 15 to 20 km/h in the early afternoon.",This beach is not patrolled.,44mm in the previous 5 days.,High Tide: 1.78 metres at 09:06,Low Tide: 0.36 metres at 15:43,For information on beach closures please contact relevant authorities such as local councils.
2022-02-16T17:10:14.961102+11:00,Silver Beach,9 hours ago,Pollution is unlikely,28°,25°,Increasing sunshine,Easterly around 1 metre.,"Light, becoming NE 15 to 20 km/h in the early afternoon.",This beach is not patrolled.,44mm in the previous 5 days.,High Tide: 1.78 metres at 09:06,Low Tide: 0.36 metres at 15:43,For information on beach closures please contact relevant authorities such as local councils.
2022-02-16T17:10:16.650116+11:00,Sandringham Baths,9 hours ago,Pollution is unlikely,28°,25°,Increasing sunshine,Easterly around 1 metre.,"Light, becoming NE 15 to 20 km/h in the early afternoon.",This beach is not patrolled.,44mm in the previous 5 days.,High Tide: 1.78 metres at 09:06,Low Tide: 0.36 metres at 15:43,For information on beach closures please contact relevant authorities such as local councils.
2022-02-16T17:10:18.343474+11:00,Dolls Point Baths,9 hours ago,Pollution is unlikely,28°,25°,Increasing sunshine,Easterly around 1 metre.,"Light, becoming NE 15 to 20 km/h in the early afternoon.",This beach is not patrolled.,44mm in the previous 5 days.,High Tide: 1.78 metres at 09:06,Low Tide: 0.36 metres at 15:43,For information on beach closures please contact relevant authorities such as local councils.
2022-02-16T17:10:19.983316+11:00,Ramsgate Baths,9 hours ago,Pollution is unlikely,28°,25°,Increasing sunshine,Easterly around 1 metre.,"Light, becoming NE 15 to 20 km/h in the early afternoon.",This beach is not patrolled.,44mm in the previous 5 days.,High Tide: 1.78 metres at 09:06,Low Tide: 0.36 metres at 15:43,For information on beach closures please contact relevant authorities such as local councils.
2022-02-16T17:10:21.618640+11:00,Brighton Le Sands Baths,9 hours ago,Pollution is unlikely,28°,25°,Increasing sunshine,Easterly around 1 metre.,"Light, becoming NE 15 to 20 km/h in the early afternoon.",This beach is not patrolled.,44mm in the previous 5 days.,High Tide: 1.78 metres at 09:06,Low Tide: 0.36 metres at 15:43,For information on beach closures please contact relevant authorities such as local councils.
2022-02-16T17:10:23.308184+11:00,Kyeemagh Baths,9 hours ago,Pollution is unlikely,28°,25°,Increasing sunshine,Easterly around 1 metre.,"Light, becoming NE 15 to 20 km/h in the early afternoon.",This beach is not patrolled.,44mm in the previous 5 days.,High Tide: 1.78 metres at 09:06,Low Tide: 0.36 metres at 15:43,For information on beach closures please contact relevant authorities such as local councils.
2022-02-16T17:10:24.998088+11:00,Foreshores Beach,9 hours ago,Pollution is possible,28°,25°,Increasing sunshine,Easterly around 1 metre.,"Light, becoming NE 15 to 20 km/h in the early afternoon.",This beach is not patrolled.,44mm in the previous 5 days.,High Tide: 1.78 metres at 09:06,Low Tide: 0.36 metres at 15:43,For information on beach closures please contact relevant authorities such as local councils.
2022-02-16T17:10:26.636501+11:00,Yarra Bay,9 hours ago,Pollution is possible,28°,25°,Increasing sunshine,Easterly around 1 metre.,"Light, becoming NE 15 to 20 km/h in the early afternoon.",This beach is not patrolled.,44mm in the previous 5 days.,High Tide: 1.78 metres at 09:06,Low Tide: 0.36 metres at 15:43,For information on beach closures please contact relevant authorities such as local councils.
2022-02-16T17:10:28.272738+11:00,Frenchmans Bay,9 hours ago,Pollution is unlikely,28°,25°,Increasing sunshine,Easterly around 1 metre.,"Light, becoming NE 15 to 20 km/h in the early afternoon.",This beach is not patrolled.,44mm in the previous 5 days.,High Tide: 1.78 metres at 09:06,Low Tide: 0.36 metres at 15:43,For information on beach closures please contact relevant authorities such as local councils.
2022-02-16T17:10:30.217307+11:00,Congwong Bay,9 hours ago,Pollution is unlikely,28°,25°,Increasing sunshine,Easterly around 1 metre.,"Light, becoming NE 15 to 20 km/h in the early afternoon.",This beach is not patrolled.,44mm in the previous 5 days.,High Tide: 1.78 metres at 09:06,Low Tide: 0.36 metres at 15:43,For information on beach closures please contact relevant authorities such as local councils.
2022-02-16T17:10:31.794188+11:00,Como Baths,9 hours ago,Pollution is unlikely,28°,25°,Increasing sunshine,Easterly around 1 metre.,"Light, becoming NE 15 to 20 km/h in the early afternoon.",This swimming site  is not patrolled.,44mm in the previous 5 days.,High Tide: 1.78 metres at 09:06,Low Tide: 0.36 metres at 15:43,For information on beach closures please contact relevant authorities such as local councils.
2022-02-16T17:10:33.386861+11:00,Jew Fish Bay Baths,9 hours ago,Pollution is unlikely,28°,25°,Increasing sunshine,Easterly around 1 metre.,"Light, becoming NE 15 to 20 km/h in the early afternoon.",This swimming site  is not patrolled.,44mm in the previous 5 days.,High Tide: 1.78 metres at 09:06,Low Tide: 0.36 metres at 15:43,For information on beach closures please contact relevant authorities such as local councils.
2022-02-16T17:10:35.026888+11:00,Oatley Bay Baths,9 hours ago,Pollution is unlikely,28°,25°,Increasing sunshine,Easterly around 1 metre.,"Light, becoming NE 15 to 20 km/h in the early afternoon.",This swimming site  is not patrolled.,44mm in the previous 5 days.,High Tide: 1.78 metres at 09:06,Low Tide: 0.36 metres at 15:43,For information on beach closures please contact relevant authorities such as local councils.
2022-02-16T17:10:36.624792+11:00,Carss Point Baths,9 hours ago,Pollution is unlikely,28°,25°,Increasing sunshine,Easterly around 1 metre.,"Light, becoming NE 15 to 20 km/h in the early afternoon.",This swimming site  is not patrolled.,44mm in the previous 5 days.,High Tide: 1.78 metres at 09:06,Low Tide: 0.36 metres at 15:43,For information on beach closures please contact relevant authorities such as local councils.
2022-02-16T17:10:38.191321+11:00,Jibbon Beach,9 hours ago,Pollution is unlikely,28°,25°,Increasing sunshine,Easterly around 1 metre.,"Light, becoming NE 15 to 20 km/h in the early afternoon.",This swimming site  is not patrolled.,44mm in the previous 5 days.,High Tide: 1.78 metres at 09:06,Low Tide: 0.36 metres at 15:43,For information on beach closures please contact relevant authorities such as local councils.
2022-02-16T17:10:39.841119+11:00,Horderns Beach,9 hours ago,Pollution is likely,28°,25°,Increasing sunshine,Easterly around 1 metre.,"Light, becoming NE 15 to 20 km/h in the early afternoon.",This swimming site  is not patrolled.,44mm in the previous 5 days.,High Tide: 1.78 metres at 09:06,Low Tide: 0.36 metres at 15:43,For information on beach closures please contact relevant authorities such as local councils.
2022-02-16T17:10:41.454533+11:00,Gymea Bay Baths,9 hours ago,Pollution is likely,28°,25°,Increasing sunshine,Easterly around 1 metre.,"Light, becoming NE 15 to 20 km/h in the early afternoon.",This swimming site  is not patrolled.,44mm in the previous 5 days.,High Tide: 1.78 metres at 09:06,Low Tide: 0.36 metres at 15:43,For information on beach closures please contact relevant authorities such as local councils.
2022-02-16T17:10:43.090381+11:00,Lilli Pilli Baths,9 hours ago,Pollution is unlikely,28°,25°,Increasing sunshine,Easterly around 1 metre.,"Light, becoming NE 15 to 20 km/h in the early afternoon.",This swimming site  is not patrolled.,44mm in the previous 5 days.,High Tide: 1.78 metres at 09:06,Low Tide: 0.36 metres at 15:43,For information on beach closures please contact relevant authorities such as local councils.
2022-02-16T17:10:44.753083+11:00,Gunnamatta Bay Baths,9 hours ago,Pollution is unlikely,28°,25°,Increasing sunshine,Easterly around 1 metre.,"Light, becoming NE 15 to 20 km/h in the early afternoon.",This swimming site  is not patrolled.,44mm in the previous 5 days.,High Tide: 1.78 metres at 09:06,Low Tide: 0.36 metres at 15:43,For information on beach closures please contact relevant authorities such as local councils.
2022-02-16T17:10:46.810139+11:00,Zenith Beach,9 hours ago,Pollution is unlikely,28°,25°,Increasing sunshine,Easterly 1 to 1.5 metres.,"Light, becoming NE/SE 15 to 20 km/h in the late afternoon then becoming light in the evening.",This beach is not patrolled.,0mm in the previous 24 hours.,High Tide: 1.83 metres at 09:10,Low Tide: 0.39 metres at 15:45,For information on beach closures please contact relevant authorities such as local councils.
2022-02-16T17:10:48.687715+11:00,Box Beach,9 hours ago,Pollution is unlikely,28°,25°,Increasing sunshine,Easterly 1 to 1.5 metres.,"Light, becoming NE/SE 15 to 20 km/h in the late afternoon then becoming light in the evening.",This beach is not patrolled.,0mm in the previous 24 hours.,High Tide: 1.83 metres at 09:10,Low Tide: 0.39 metres at 15:45,For information on beach closures please contact relevant authorities such as local councils.
2022-02-16T17:10:50.706581+11:00,Fingal Bay,9 hours ago,Pollution is unlikely,28°,25°,Increasing sunshine,Easterly 1 to 1.5 metres.,"Light, becoming NE/SE 15 to 20 km/h in the late afternoon then becoming light in the evening.",Patrolled 7 days from 18 September 2021 until 24 April 2022. Always check with lifeguards for the latest beach conditions.,0mm in the previous 24 hours.,High Tide: 1.83 metres at 09:10,Low Tide: 0.39 metres at 15:45,For information on beach closures please contact relevant authorities such as local councils.
2022-02-16T17:10:52.597727+11:00,One Mile Beach,9 hours ago,Pollution is unlikely,28°,25°,Increasing sunshine,Easterly 1 to 1.5 metres.,"Light, becoming NE/SE 15 to 20 km/h in the late afternoon then becoming light in the evening.",Patrolled 7 days from 18 September 2021 until 24 April 2022. Always check with lifeguards for the latest beach conditions.,0mm in the previous 24 hours.,High Tide: 1.83 metres at 09:10,Low Tide: 0.39 metres at 15:45,For information on beach closures please contact relevant authorities such as local councils.
2022-02-16T17:10:54.605079+11:00,South Stockton Beach,9 hours ago,Pollution is unlikely,28°,25°,Increasing sunshine,Easterly 1 to 1.5 metres.,"Light, becoming NE/SE 15 to 20 km/h in the late afternoon then becoming light in the evening.",Patrolled 7 days from 18 September 2021 to 24 April 2022. Always check with lifeguards for the latest beach conditions.,0mm in the previous 24 hours.,High Tide: 1.83 metres at 09:10,Low Tide: 0.39 metres at 15:45,For information on beach closures please contact relevant authorities such as local councils.
2022-02-16T17:10:56.676807+11:00,Nobbys Beach,9 hours ago,Pollution is unlikely,28°,25°,Increasing sunshine,Easterly 1 to 1.5 metres.,"Light, becoming NE/SE 15 to 20 km/h in the late afternoon then becoming light in the evening.",Patrolled all year round.,0mm in the previous 24 hours.,High Tide: 1.83 metres at 09:10,Low Tide: 0.39 metres at 15:45,For information on beach closures please contact relevant authorities such as local councils.
2022-02-16T17:10:58.818774+11:00,Newcastle Beach,9 hours ago,Pollution is unlikely,28°,25°,Increasing sunshine,Easterly 1 to 1.5 metres.,"Light, becoming NE/SE 15 to 20 km/h in the late afternoon then becoming light in the evening.",Patrolled 7 days from 18 September 2021 to 24 April 2022. Always check with lifeguards for the latest beach conditions.,0mm in the previous 24 hours.,High Tide: 1.83 metres at 09:10,Low Tide: 0.39 metres at 15:45,For information on beach closures please contact relevant authorities such as local councils.
2022-02-16T17:11:01.028739+11:00,Bar Beach (Newcastle),9 hours ago,Pollution is unlikely,28°,25°,Increasing sunshine,Easterly 1 to 1.5 metres.,"Light, becoming NE/SE 15 to 20 km/h in the late afternoon then becoming light in the evening.",Patrolled all year round.,0mm in the previous 24 hours.,High Tide: 1.83 metres at 09:10,Low Tide: 0.39 metres at 15:45,For information on beach closures please contact relevant authorities such as local councils.
2022-02-16T17:11:03.308527+11:00,Merewether Beach,9 hours ago,Pollution is unlikely,28°,25°,Increasing sunshine,Easterly 1 to 1.5 metres.,"Light, becoming NE/SE 15 to 20 km/h in the late afternoon then becoming light in the evening.",Patrolled all year round.,0mm in the previous 24 hours.,High Tide: 1.83 metres at 09:10,Low Tide: 0.39 metres at 15:45,For information on beach closures please contact relevant authorities such as local councils.
2022-02-16T17:11:05.474813+11:00,Burwood North Beach,9 hours ago,Pollution is unlikely,28°,25°,Increasing sunshine,Easterly 1 to 1.5 metres.,"Light, becoming NE/SE 15 to 20 km/h in the late afternoon then becoming light in the evening.",This beach is not patrolled.,0mm in the previous 24 hours.,High Tide: 1.83 metres at 09:10,Low Tide: 0.39 metres at 15:45,For information on beach closures please contact relevant authorities such as local councils.
2022-02-16T17:11:07.793216+11:00,Burwood South Beach,9 hours ago,Pollution is unlikely,28°,25°,Increasing sunshine,Easterly 1 to 1.5 metres.,"Light, becoming NE/SE 15 to 20 km/h in the late afternoon then becoming light in the evening.",This beach is not patrolled.,0mm in the previous 24 hours.,High Tide: 1.83 metres at 09:10,Low Tide: 0.39 metres at 15:45,For information on beach closures please contact relevant authorities such as local councils.
2022-02-16T17:11:10.022434+11:00,Glenrock Lagoon Beach,9 hours ago,Pollution is unlikely,28°,25°,Increasing sunshine,Easterly 1 to 1.5 metres.,"Light, becoming NE/SE 15 to 20 km/h in the late afternoon then becoming light in the evening.",This beach is not patrolled.,0mm in the previous 24 hours.,High Tide: 1.83 metres at 09:10,Low Tide: 0.39 metres at 15:45,For information on beach closures please contact relevant authorities such as local councils.
2022-02-16T17:11:12.068032+11:00,Dudley Beach,9 hours ago,Pollution is unlikely,28°,25°,Increasing sunshine,Easterly 1 to 1.5 metres.,"Light, becoming NE/SE 15 to 20 km/h in the late afternoon then becoming light in the evening.",This beach is not patrolled.,0mm in the previous 24 hours.,High Tide: 1.83 metres at 09:10,Low Tide: 0.39 metres at 15:45,For information on beach closures please contact relevant authorities such as local councils.
2022-02-16T17:11:14.150225+11:00,Redhead Beach,9 hours ago,Pollution is unlikely,28°,25°,Increasing sunshine,Easterly 1 to 1.5 metres.,"Light, becoming NE/SE 15 to 20 km/h in the late afternoon then becoming light in the evening.",Patrolled 7 days from 18 September 2021 until 24 April 2022. Always check with lifeguards for the latest beach conditions.,0mm in the previous 24 hours.,High Tide: 1.83 metres at 09:10,Low Tide: 0.39 metres at 15:45,For information on beach closures please contact relevant authorities such as local councils.
2022-02-16T17:11:16.268935+11:00,Blacksmiths Beach,9 hours ago,Pollution is unlikely,28°,25°,Increasing sunshine,Easterly 1 to 1.5 metres.,"Light, becoming NE/SE 15 to 20 km/h in the late afternoon then becoming light in the evening.",Patrolled 7 days from 18 September 2021 until 24 April 2022. Always check with lifeguards for the latest beach conditions.,0mm in the previous 24 hours.,High Tide: 1.83 metres at 09:10,Low Tide: 0.39 metres at 15:45,For information on beach closures please contact relevant authorities such as local councils.
2022-02-16T17:11:18.319867+11:00,Swansea Heads Little Beach,9 hours ago,Pollution is unlikely,28°,25°,Increasing sunshine,Easterly 1 to 1.5 metres.,"Light, becoming NE/SE 15 to 20 km/h in the late afternoon then becoming light in the evening.",This beach is not patrolled.,0mm in the previous 24 hours.,High Tide: 1.83 metres at 09:10,Low Tide: 0.39 metres at 15:45,For information on beach closures please contact relevant authorities such as local councils.
2022-02-16T17:11:20.506227+11:00,Caves Beach,9 hours ago,Pollution is unlikely,28°,25°,Increasing sunshine,Easterly 1 to 1.5 metres.,"Light, becoming NE/SE 15 to 20 km/h in the late afternoon then becoming light in the evening.",Patrolled 7 days from 18 September 2021 until 24 April 2022. Always check with lifeguards for the latest beach conditions.,0mm in the previous 24 hours.,High Tide: 1.83 metres at 09:10,Low Tide: 0.39 metres at 15:45,For information on beach closures please contact relevant authorities such as local councils.
2022-02-16T17:11:23.003524+11:00,Frazer Beach,9 hours ago,Pollution is unlikely,24°,25°,Increasing sunshine,Easterly 1 to 1.5 metres.,"Light, becoming NE/SE 15 to 20 km/h in the late afternoon then becoming light in the evening.","Patrolled during Christmas, Easter and April school holidays.",2.5mm in the previous 4 days.,High Tide: 1.83 metres at 09:10,Low Tide: 0.39 metres at 15:45,"For information on beach closures please contact relevant authorities such as local councils. 
"
2022-02-16T17:11:25.479562+11:00,Birdie Beach,9 hours ago,Pollution is unlikely,24°,25°,Increasing sunshine,Easterly 1 to 1.5 metres.,"Light, becoming NE/SE 15 to 20 km/h in the late afternoon then becoming light in the evening.",This beach is not patrolled.,2.5mm in the previous 4 days.,High Tide: 1.83 metres at 09:10,Low Tide: 0.39 metres at 15:45,"For information on beach closures please contact relevant authorities such as local councils. 
"
2022-02-16T17:11:27.881795+11:00,Budgewoi Beach,9 hours ago,Pollution is unlikely,24°,25°,Increasing sunshine,Easterly 1 to 1.5 metres.,"Light, becoming NE/SE 15 to 20 km/h in the late afternoon then becoming light in the evening.",Patrolled 7 days during Christmas holidays - 9 am to 5pm.,2.5mm in the previous 4 days.,High Tide: 1.83 metres at 09:10,Low Tide: 0.39 metres at 15:45,"For information on beach closures please contact relevant authorities such as local councils. 
"
2022-02-16T17:11:30.204759+11:00,Lakes Beach,9 hours ago,Pollution is unlikely,24°,25°,Increasing sunshine,Easterly 1 to 1.5 metres.,"Light, becoming NE/SE 15 to 20 km/h in the late afternoon then becoming light in the evening.",Patrolled 7 days from 18 September 2021 until 24 April 2022. Always check with lifeguards for the latest beach conditions.,2.5mm in the previous 4 days.,High Tide: 1.83 metres at 09:10,Low Tide: 0.39 metres at 15:45,"For information on beach closures please contact relevant authorities such as local councils. 
"
2022-02-16T17:11:32.596636+11:00,Hargraves Beach,9 hours ago,Pollution is unlikely,24°,25°,Increasing sunshine,Easterly 1 to 1.5 metres.,"Light, becoming NE/SE 15 to 20 km/h in the late afternoon then becoming light in the evening.",This beach is not patrolled.,2.5mm in the previous 4 days.,High Tide: 1.83 metres at 09:10,Low Tide: 0.39 metres at 15:45,"For information on beach closures please contact relevant authorities such as local councils. 
"
2022-02-16T17:11:34.892499+11:00,Jenny Dixon Beach,9 hours ago,Pollution is unlikely,24°,25°,Increasing sunshine,Easterly 1 to 1.5 metres.,"Light, becoming NE/SE 15 to 20 km/h in the late afternoon then becoming light in the evening.",This beach is not patrolled.,2.5mm in the previous 4 days.,High Tide: 1.83 metres at 09:10,Low Tide: 0.39 metres at 15:45,"For information on beach closures please contact relevant authorities such as local councils. 
"
2022-02-16T17:11:37.294139+11:00,Cabbage Tree Bay,9 hours ago,Pollution is unlikely,24°,25°,Increasing sunshine,Easterly 1 to 1.5 metres.,"Light, becoming NE/SE 15 to 20 km/h in the late afternoon then becoming light in the evening.",This beach is not patrolled.,2.5mm in the previous 4 days.,High Tide: 1.83 metres at 09:10,Low Tide: 0.39 metres at 15:45,"For information on beach closures please contact relevant authorities such as local councils. 
"
2022-02-16T17:11:39.480573+11:00,Lighthouse Beach (Norah Head),9 hours ago,Pollution is unlikely,24°,25°,Increasing sunshine,Easterly 1 to 1.5 metres.,"Light, becoming NE/SE 15 to 20 km/h in the late afternoon then becoming light in the evening.",This beach is not patrolled.,2.5mm in the previous 4 days.,High Tide: 1.83 metres at 09:10,Low Tide: 0.39 metres at 15:45,"For information on beach closures please contact relevant authorities such as local councils. 
"
2022-02-16T17:11:42.304126+11:00,Gravelly Beach,9 hours ago,Pollution is unlikely,24°,25°,Increasing sunshine,Easterly 1 to 1.5 metres.,"Light, becoming NE/SE 15 to 20 km/h in the late afternoon then becoming light in the evening.",This beach is not patrolled.,2.5mm in the previous 4 days.,High Tide: 1.83 metres at 09:10,Low Tide: 0.39 metres at 15:45,"For information on beach closures please contact relevant authorities such as local councils. 
"
2022-02-16T17:11:44.438306+11:00,Soldiers Beach,9 hours ago,Pollution is unlikely,24°,25°,Increasing sunshine,Easterly 1 to 1.5 metres.,"Light, becoming NE/SE 15 to 20 km/h in the late afternoon then becoming light in the evening.",Patrolled 7 days from 18 September 2021 until 24 April 2022. Always check with lifeguards for the latest beach conditions.,2.5mm in the previous 4 days.,High Tide: 1.83 metres at 09:10,Low Tide: 0.39 metres at 15:45,"For information on beach closures please contact relevant authorities such as local councils. 
"
2022-02-16T17:11:46.805942+11:00,North Entrance,9 hours ago,Pollution is unlikely,24°,25°,Increasing sunshine,Easterly 1 to 1.5 metres.,"Light, becoming NE/SE 15 to 20 km/h in the late afternoon then becoming light in the evening.",Patrolled 7 days from 18 September 2021 until 24 April 2022. Always check with lifeguards for the latest beach conditions.,2.5mm in the previous 4 days.,High Tide: 1.83 metres at 09:10,Low Tide: 0.39 metres at 15:45,"For information on beach closures please contact relevant authorities such as local councils. 
"
2022-02-16T17:11:49.064789+11:00,The Entrance Channel,9 hours ago,Pollution is unlikely,24°,25°,Increasing sunshine,Easterly 1 to 1.5 metres.,"Light, becoming NE/SE 15 to 20 km/h in the late afternoon then becoming light in the evening.",This swimming site is not patrolled.,2.5mm in the previous 4 days.,High Tide: 1.83 metres at 09:10,Low Tide: 0.39 metres at 15:45,"For information on beach closures please contact relevant authorities such as local councils. 
"
2022-02-16T17:11:51.344939+11:00,The Entrance Beach,9 hours ago,Pollution is unlikely,24°,25°,Increasing sunshine,Easterly 1 to 1.5 metres.,"Light, becoming NE/SE 15 to 20 km/h in the late afternoon then becoming light in the evening.",Patrolled 7 days from 18 September 2021 until 24 April 2022. Always check with lifeguards for the latest beach conditions.,2.5mm in the previous 4 days.,High Tide: 1.83 metres at 09:10,Low Tide: 0.39 metres at 15:45,"For information on beach closures please contact relevant authorities such as local councils. 
"
2022-02-16T17:11:53.608304+11:00,Blue Bay,9 hours ago,Pollution is unlikely,24°,25°,Increasing sunshine,Easterly 1 to 1.5 metres.,"Light, becoming NE/SE 15 to 20 km/h in the late afternoon then becoming light in the evening.",This beach is not patrolled.,2.5mm in the previous 4 days.,High Tide: 1.83 metres at 09:10,Low Tide: 0.39 metres at 15:45,"For information on beach closures please contact relevant authorities such as local councils. 
"
2022-02-16T17:11:55.790442+11:00,Toowoon Bay,9 hours ago,Pollution is unlikely,24°,25°,Increasing sunshine,Easterly 1 to 1.5 metres.,"Light, becoming NE/SE 15 to 20 km/h in the late afternoon then becoming light in the evening.",Patrolled 7 days from 18 September 2021 until 24 April 2022. Always check with lifeguards for the latest beach conditions.,2.5mm in the previous 4 days.,High Tide: 1.83 metres at 09:10,Low Tide: 0.39 metres at 15:45,"For information on beach closures please contact relevant authorities such as local councils. 
"
2022-02-16T17:11:57.966903+11:00,Shelly Beach (Wyong),9 hours ago,Pollution is unlikely,24°,25°,Increasing sunshine,Easterly 1 to 1.5 metres.,"Light, becoming NE/SE 15 to 20 km/h in the late afternoon then becoming light in the evening.",Patrolled 7 days from 18 September 2021 until 24 April 2022. Always check with lifeguards for the latest beach conditions.,2.5mm in the previous 4 days.,High Tide: 1.83 metres at 09:10,Low Tide: 0.39 metres at 15:45,"For information on beach closures please contact relevant authorities such as local councils. 
"
2022-02-16T17:12:00.623224+11:00,Blue Lagoon,9 hours ago,Pollution is unlikely,24°,25°,Increasing sunshine,Easterly 1 to 1.5 metres.,"Light, becoming NE/SE 15 to 20 km/h in the late afternoon then becoming light in the evening.",This beach is not patrolled.,2.5mm in the previous 4 days.,High Tide: 1.83 metres at 09:10,Low Tide: 0.39 metres at 15:45,"For information on beach closures please contact relevant authorities such as local councils. 
"
2022-02-16T17:12:02.788161+11:00,Bateau Bay Beach,9 hours ago,Pollution is unlikely,24°,25°,Increasing sunshine,Easterly 1 to 1.5 metres.,"Light, becoming NE/SE 15 to 20 km/h in the late afternoon then becoming light in the evening.",This beach is not patrolled.,2.5mm in the previous 4 days.,High Tide: 1.83 metres at 09:10,Low Tide: 0.39 metres at 15:45,"For information on beach closures please contact relevant authorities such as local councils. 
"
2022-02-16T17:12:05.115034+11:00,Terrigal Beach,9 hours ago,Pollution is unlikely,24°,25°,Increasing sunshine,Easterly 1 to 1.5 metres.,"Light, becoming NE/SE 15 to 20 km/h in the late afternoon then becoming light in the evening.",Patrolled 7 days from 18 September 2021 until 24 April 2022. Always check with lifeguards for the latest beach conditions.,2.5mm in the previous 4 days.,High Tide: 1.83 metres at 09:10,Low Tide: 0.39 metres at 15:45,"For information on beach closures please contact relevant authorities such as local councils. 
"
2022-02-16T17:12:07.895139+11:00,Avoca Beach,9 hours ago,Pollution is unlikely,24°,25°,Increasing sunshine,Easterly 1 to 1.5 metres.,"Light, becoming NE/SE 15 to 20 km/h in the late afternoon then becoming light in the evening.",Patrolled 7 days from 18 September 2021 until 24 April 2022. Always check with lifeguards for the latest beach conditions.,2.5mm in the previous 4 days.,High Tide: 1.83 metres at 09:10,Low Tide: 0.39 metres at 15:45,"For information on beach closures please contact relevant authorities such as local councils. 
"
2022-02-16T17:12:10.254352+11:00,North Avoca Beach,9 hours ago,Pollution is unlikely,24°,25°,Increasing sunshine,Easterly 1 to 1.5 metres.,"Light, becoming NE/SE 15 to 20 km/h in the late afternoon then becoming light in the evening.",Patrolled 7 days from 18 September 2021 until 24 April 2022. Always check with lifeguards for the latest beach conditions.,2.5mm in the previous 4 days.,High Tide: 1.83 metres at 09:10,Low Tide: 0.39 metres at 15:45,"For information on beach closures please contact relevant authorities such as local councils. 
"
2022-02-16T17:12:12.569183+11:00,MacMasters Beach,9 hours ago,Pollution is unlikely,24°,25°,Increasing sunshine,Easterly 1 to 1.5 metres.,"Light, becoming NE/SE 15 to 20 km/h in the late afternoon then becoming light in the evening.",Patrolled 7 days from 18 September 2021 until 24 April 2022. Always check with lifeguards for the latest beach conditions.,2.5mm in the previous 4 days.,High Tide: 1.83 metres at 09:10,Low Tide: 0.39 metres at 15:45,"For information on beach closures please contact relevant authorities such as local councils. 
"
2022-02-16T17:12:14.893973+11:00,Copacabana Beach,9 hours ago,Pollution is unlikely,24°,25°,Increasing sunshine,Easterly 1 to 1.5 metres.,"Light, becoming NE/SE 15 to 20 km/h in the late afternoon then becoming light in the evening.",Patrolled 7 days from 18 September 2021 until 24 April 2022. Always check with lifeguards for the latest beach conditions.,2.5mm in the previous 4 days.,High Tide: 1.83 metres at 09:10,Low Tide: 0.39 metres at 15:45,"For information on beach closures please contact relevant authorities such as local councils. 
"
2022-02-16T17:12:17.730430+11:00,Forresters Beach,9 hours ago,Pollution is unlikely,24°,25°,Increasing sunshine,Easterly 1 to 1.5 metres.,"Light, becoming NE/SE 15 to 20 km/h in the late afternoon then becoming light in the evening.",This beach is not patrolled.,2.5mm in the previous 4 days.,High Tide: 1.83 metres at 09:10,Low Tide: 0.39 metres at 15:45,"For information on beach closures please contact relevant authorities such as local councils. 
"
2022-02-16T17:12:20.290773+11:00,Killcare Beach,9 hours ago,Pollution is unlikely,24°,25°,Increasing sunshine,Easterly 1 to 1.5 metres.,"Light, becoming NE/SE 15 to 20 km/h in the late afternoon then becoming light in the evening.",Patrolled 7 days from 18 September 2021 until 24 April 2022. Always check with lifeguards for the latest beach conditions.,2.5mm in the previous 4 days.,High Tide: 1.83 metres at 09:10,Low Tide: 0.39 metres at 15:45,"For information on beach closures please contact relevant authorities such as local councils. 
"
2022-02-16T17:12:22.612938+11:00,Pearl Beach,9 hours ago,Pollution is unlikely,24°,25°,Increasing sunshine,Easterly 1 to 1.5 metres.,"Light, becoming NE/SE 15 to 20 km/h in the late afternoon then becoming light in the evening.",This beach is not patrolled.,2.5mm in the previous 4 days.,High Tide: 1.83 metres at 09:10,Low Tide: 0.39 metres at 15:45,"For information on beach closures please contact relevant authorities such as local councils. 
"
2022-02-16T17:12:25.495533+11:00,Umina Beach,9 hours ago,Pollution is unlikely,24°,25°,Increasing sunshine,Easterly 1 to 1.5 metres.,"Light, becoming NE/SE 15 to 20 km/h in the late afternoon then becoming light in the evening.",Patrolled 7 days from 18 September 2021 until 24 April 2022. Always check with lifeguards for the latest beach conditions.,2.5mm in the previous 4 days.,High Tide: 1.83 metres at 09:10,Low Tide: 0.39 metres at 15:45,"For information on beach closures please contact relevant authorities such as local councils. 
"
2022-02-16T17:12:27.714905+11:00,Wamberal Beach,9 hours ago,Pollution is unlikely,24°,25°,Increasing sunshine,Easterly 1 to 1.5 metres.,"Light, becoming NE/SE 15 to 20 km/h in the late afternoon then becoming light in the evening.",Patrolled 7 days from 18 September 2021 until 24 April 2022. Always check with lifeguards for the latest beach conditions.,2.5mm in the previous 4 days.,High Tide: 1.83 metres at 09:10,Low Tide: 0.39 metres at 15:45,"For information on beach closures please contact relevant authorities such as local councils. 
"
2022-02-16T17:12:30.129473+11:00,Ocean Beach,9 hours ago,Pollution is possible,24°,25°,Increasing sunshine,Easterly 1 to 1.5 metres.,"Light, becoming NE/SE 15 to 20 km/h in the late afternoon then becoming light in the evening.",Patrolled 7 days from 18 September 2021 until 24 April 2022. Always check with lifeguards for the latest beach conditions.,2.5mm in the previous 4 days.,High Tide: 1.83 metres at 09:10,Low Tide: 0.39 metres at 15:45,"For information on beach closures please contact relevant authorities such as local councils. 
"
2022-02-16T17:12:32.779468+11:00,Stanwell Park Beach,9 hours ago,Pollution is unlikely,27°,25°,Increasing sunshine,Easterly around 1 metre.,"Light, becoming N/NE 15 to 25 km/h in the morning.","Patrolled 7 days from 18 September 2021 until 24 April 2022.

Always check with lifeguards for the latest beach conditions.",0mm in the previous 24 hours.,High Tide: 1.73 metres at 09:03,Low Tide: 0.3 metres at 15:45,For information on beach closures please contact relevant authorities such as local councils.
2022-02-16T17:12:35.157338+11:00,Coledale Beach,9 hours ago,Pollution is unlikely,27°,25°,Increasing sunshine,Easterly around 1 metre.,"Light, becoming N/NE 15 to 25 km/h in the morning.","Patrolled 7 days from 18 September 2021 until 24 April 2022.

Always check with lifeguards for the latest beach conditions.",0mm in the previous 24 hours.,High Tide: 1.73 metres at 09:03,Low Tide: 0.3 metres at 15:45,For information on beach closures please contact relevant authorities such as local councils.
2022-02-16T17:12:37.527187+11:00,Austinmer Beach,9 hours ago,Pollution is unlikely,27°,25°,Increasing sunshine,Easterly around 1 metre.,"Light, becoming N/NE 15 to 25 km/h in the morning.","Patrolled 7 days from 18 September 2021 until 24 April 2022.

Always check with lifeguards for the latest beach conditions.",0mm in the previous 24 hours.,High Tide: 1.73 metres at 09:03,Low Tide: 0.3 metres at 15:45,For information on beach closures please contact relevant authorities such as local councils.
2022-02-16T17:12:39.966519+11:00,Thirroul Beach,9 hours ago,Pollution is unlikely,27°,25°,Increasing sunshine,Easterly around 1 metre.,"Light, becoming N/NE 15 to 25 km/h in the morning.",Patrolled 7 days from 18 September 2021 until 24 April 2022.,0mm in the previous 24 hours.,High Tide: 1.73 metres at 09:03,Low Tide: 0.3 metres at 15:45,For information on beach closures please contact relevant authorities such as local councils.
2022-02-16T17:12:42.424152+11:00,Bulli Beach,9 hours ago,Pollution is possible,27°,25°,Increasing sunshine,Easterly around 1 metre.,"Light, becoming N/NE 15 to 25 km/h in the morning.","Patrolled 7 days from 18 September 2021 until 24 April 2022.

Always check with lifeguards for the latest beach conditions.",0mm in the previous 24 hours.,High Tide: 1.73 metres at 09:03,Low Tide: 0.3 metres at 15:45,For information on beach closures please contact relevant authorities such as local councils.
2022-02-16T17:12:44.715038+11:00,Woonona Beach,9 hours ago,Pollution is unlikely,27°,25°,Increasing sunshine,Easterly around 1 metre.,"Light, becoming N/NE 15 to 25 km/h in the morning.","Patrolled 7 days from 18 September 2021 until 24 April 2022.

Always check with lifeguards for the latest beach conditions.",0mm in the previous 24 hours.,High Tide: 1.73 metres at 09:03,Low Tide: 0.3 metres at 15:45,For information on beach closures please contact relevant authorities such as local councils.
2022-02-16T17:12:47.136683+11:00,Bellambi Beach,9 hours ago,Pollution is unlikely,27°,25°,Increasing sunshine,Easterly around 1 metre.,"Light, becoming N/NE 15 to 25 km/h in the morning.","Patrolled 7 days from 18 September 2021 until 24 April 2022.

Always check with lifeguards for the latest beach conditions.",0mm in the previous 24 hours.,High Tide: 1.73 metres at 09:03,Low Tide: 0.3 metres at 15:45,For information on beach closures please contact relevant authorities such as local councils.
2022-02-16T17:12:49.621387+11:00,Corrimal Beach,9 hours ago,Pollution is unlikely,27°,25°,Increasing sunshine,Easterly around 1 metre.,"Light, becoming N/NE 15 to 25 km/h in the morning.","Patrolled 7 days from 18 September 2021 until 24 April 2022.

Always check with lifeguards for the latest beach conditions.",0mm in the previous 24 hours.,High Tide: 1.73 metres at 09:03,Low Tide: 0.3 metres at 15:45,For information on beach closures please contact relevant authorities such as local councils.
2022-02-16T17:12:52.055650+11:00,North Wollongong Beach,9 hours ago,Pollution is unlikely,27°,25°,Increasing sunshine,Easterly around 1 metre.,"Light, becoming N/NE 15 to 25 km/h in the morning.",Patrolled 7 days all year round.,0mm in the previous 24 hours.,High Tide: 1.73 metres at 09:03,Low Tide: 0.3 metres at 15:45,For information on beach closures please contact relevant authorities such as local councils.
2022-02-16T17:12:54.448735+11:00,Coniston Beach,9 hours ago,Pollution is unlikely,27°,25°,Increasing sunshine,Easterly around 1 metre.,"Light, becoming N/NE 15 to 25 km/h in the morning.",This beach is not patrolled.,0mm in the previous 24 hours.,High Tide: 1.73 metres at 09:03,Low Tide: 0.3 metres at 15:45,For information on beach closures please contact relevant authorities such as local councils.
2022-02-16T17:12:56.860430+11:00,Wollongong City Beach,9 hours ago,Pollution is unlikely,27°,25°,Increasing sunshine,Easterly around 1 metre.,"Light, becoming N/NE 15 to 25 km/h in the morning.","Patrolled 7 days from 18 September 2021 until 24 April 2022.

Always check with lifeguards for the latest beach conditions.",0mm in the previous 24 hours.,High Tide: 1.73 metres at 09:03,Low Tide: 0.3 metres at 15:45,For information on beach closures please contact relevant authorities such as local councils.
2022-02-16T17:13:00.119801+11:00,Fishermans Beach,9 hours ago,Pollution is unlikely,27°,25°,Increasing sunshine,Easterly around 1 metre.,"Light, becoming N/NE 15 to 25 km/h in the morning.",This beach is not patrolled.,0mm in the previous 24 hours.,High Tide: 1.73 metres at 09:03,Low Tide: 0.3 metres at 15:45,For information on beach closures please contact relevant authorities such as local councils.
2022-02-16T17:13:02.492758+11:00,Port Kembla Beach,9 hours ago,Pollution is unlikely,27°,25°,Increasing sunshine,Easterly around 1 metre.,"Light, becoming N/NE 15 to 25 km/h in the morning.","Patrolled 7 days from 18 September 2021 until 24 April 2022.

Always check with lifeguards for the latest beach conditions.",0mm in the previous 24 hours.,High Tide: 1.73 metres at 09:03,Low Tide: 0.3 metres at 15:45,For information on beach closures please contact relevant authorities such as local councils.
2022-02-16T17:13:04.843030+11:00,Warilla Beach,9 hours ago,Pollution is unlikely,27°,25°,Increasing sunshine,Easterly around 1 metre.,"Light, becoming N/NE 15 to 25 km/h in the morning.","Patrolled 7 days from 18 September 2021 until 26 April 2022.

Always check with lifeguards for the latest beach conditions.",0mm in the previous 24 hours.,High Tide: 1.73 metres at 09:03,Low Tide: 0.3 metres at 15:45,For information on beach closures please contact relevant authorities such as local councils.
2022-02-16T17:13:07.394964+11:00,Shellharbour Beach,9 hours ago,Pollution is unlikely,27°,25°,Increasing sunshine,Easterly around 1 metre.,"Light, becoming N/NE 15 to 25 km/h in the morning.","Patrolled 7 days from 18 September 2021 until 24 April 2022.

Always check with lifeguards for the latest beach conditions.",0mm in the previous 24 hours.,High Tide: 1.73 metres at 09:03,Low Tide: 0.3 metres at 15:45,For information on beach closures please contact relevant authorities such as local councils.
2022-02-16T17:13:09.842222+11:00,Boyds Jones Beach,9 hours ago,Pollution is unlikely,27°,25°,Increasing sunshine,Easterly around 1 metre.,"Light, becoming N/NE 15 to 25 km/h in the morning.","Patrolled weekends and public holidays from 25 September 2021 until 24 April 2022. Patrolled 7 days between 17 December 2021 until 29 January 2022.

Always check with lifeguards for the latest beach conditions.",0mm in the previous 24 hours.,High Tide: 1.73 metres at 09:03,Low Tide: 0.3 metres at 15:45,For information on beach closures please contact relevant authorities such as local councils.
2022-02-16T17:13:12.402882+11:00,Bombo Beach,9 hours ago,Pollution is unlikely,27°,25°,Increasing sunshine,Easterly around 1 metre.,"Light, becoming N/NE 15 to 25 km/h in the morning.","Patrolled 7 days from 17 December 2021 until 29 January 2022. Patrolled weekends and public holidays in February 2022.

Always check with lifeguards for the latest beach conditions.",0mm in the previous 24 hours.,High Tide: 1.73 metres at 09:03,Low Tide: 0.3 metres at 15:45,For information on beach closures please contact relevant authorities such as local councils.
2022-02-16T17:13:14.793202+11:00,Surf Beach (Kiama),9 hours ago,Pollution is unlikely,27°,25°,Increasing sunshine,Easterly around 1 metre.,"Light, becoming N/NE 15 to 25 km/h in the morning.","Patrolled 7 days from 20 September 2021 until 23 April 2022. 


Always check with lifeguards for the latest beach conditions.",0mm in the previous 24 hours.,High Tide: 1.73 metres at 09:03,Low Tide: 0.3 metres at 15:45,For information on beach closures please contact relevant authorities such as local councils.
2022-02-16T17:13:17.114822+11:00,Werri Beach,9 hours ago,Pollution is unlikely,27°,25°,Increasing sunshine,Easterly around 1 metre.,"Light, becoming N/NE 15 to 25 km/h in the morning.","Patrolled weekends and public holidays from 18 September 2021 until 24 April 2022. Patrolled 7 days from 17 December 2021 until 29 January 2022.

Always check with lifeguards for the latest beach conditions.",0mm in the previous 24 hours.,High Tide: 1.73 metres at 09:03,Low Tide: 0.3 metres at 15:45,For information on beach closures please contact relevant authorities such as local councils.
2022-02-16T17:13:19.815398+11:00,Seven Mile Beach (Gerroa),9 hours ago,Pollution is unlikely,27°,25°,Increasing sunshine,Easterly around 1 metre.,"Light, becoming N/NE 15 to 25 km/h in the morning.",Patrolled 7 days from 17 December 2021 until 29 January 2022. Always check with lifeguards for the latest beach conditions.,0mm in the previous 24 hours.,High Tide: 1.73 metres at 09:03,Low Tide: 0.3 metres at 15:45,For information on beach closures please contact relevant authorities such as local councils.
